Input.Variant	Chromosomal.Variant	chr	position	Ref	Alt
NM_206933.2:c.10342G>A	NC_000001.10:g.215960057C>T	01	g.215960057	C	T
NM_206933.2:c.6670G>T	NC_000001.10:g.216166497C>A	01	g.216166497	C	A
NM_031433.3:c.313delC	NC_000011.9:g.119216597delG	11	g.119216597	NA	NA
NM_025074.6:c.10514T>C	NC_000004.11:g.79440609T>C	04	g.79440609	T	C
NM_000275.2:c.1207G>A	NC_000015.9:g.28231765C>T	15	g.28231765	C	T
NA		NA	NA	NA	NA
NM_000539.3:c.544G>T	NC_000003.11:g.129251107G>T	03	g.129251107	G	T
NM_022124.5:c.9629T>C	NC_000010.10:g.73572643T>C	NA	g.73572643	T	C
NM_207361.4:c.5417G>A	NC_000013.10:g.39343721G>A	13	g.39343721	G	A
NM_000843.3:c.1846G>A	NC_000005.9:g.178413409C>T	05	g.178413409	C	T
NM_031935.2:c.13868G>A	NC_000001.10:g.186107048G>A	01	g.186107048	G	A
NM_000275.2:c.29G>A	NC_000015.9:g.28326992C>T	15	g.28326992	C	T
NM_001077416.2:c.908G>A	NC_000016.9:g.75575269C>T	16	g.75575269	C	T
NM_020949.2:c.745C>T	NC_000003.11:g.170216470G>A	03	g.170216470	G	A
NM_144631.5:c.994G>A	NC_000002.11:g.27601044C>T	02	g.27601044	C	T
NM_172364.4:c.2170C>T	NC_000012.11:g.1963193G>A	12	g.1963193	G	A
NM_001170700.2:c.1442T>C	NC_000004.11:g.36309837T>C	04	g.36309837	T	C
NM_025074.6:c.11264C>T	NC_000004.11:g.79458320C>T	04	g.79458320	C	T
NM_007171.3:c.424A>T	NC_000009.11:g.134382898A>T	09	g.134382898	A	T
NM_020366.3:c.184G>C	NC_000014.8:g.21762934G>C	14	g.21762934	G	C
NM_001298.2:c.1306C>T	NC_000002.11:g.99012939C>T	02	g.99012939	C	T
NM_019098.4:c.1208G>A	NC_000008.10:g.87645092C>T	08	g.87645092	C	T
NA		NA	NA	NA	NA
NM_001080463.1:c.10684G>A	NC_000011.9:g.103130674G>A	11	g.103130674	G	A
NM_024747.5:c.1669C>A	NC_000010.10:g.103826900C>A	NA	g.103826900	C	A
NM_002292.3:c.2599G>A	NC_000003.11:g.49162807C>T	03	g.49162807	C	T
NM_014249.3:c.455C>T	NC_000015.9:g.72104400C>T	15	g.72104400	C	T
NM_000350.2:c.5882G>A	NC_000001.10:g.94473807C>T	01	g.94473807	C	T
NM_000350.2:c.122G>A	NC_000001.10:g.94578567C>T	01	g.94578567	C	T
NM_030582.3:c.1072G>A	NC_000021.8:g.46888581G>A	21	g.46888581	G	A
NM_198525.2:c.808_810delAAG	NC_000015.9:g.90192318_90192320delCTT	15	g.90192318	NA	NA
NM_153240.4:c.1654C>A	NC_000003.11:g.132419267G>T	03	g.132419267	G	T
NM_006915.2:c.609_611delTACinsCAG	NC_000023.10:g.46713417_46713419delinsCAG	23	g.46713417	NA	NA
NM_004727.2:c.2640_2645delAGAGGA	NC_000015.9:g.65943127_65943132delAGAGGA	15	g.65943127	NA	NA
NM_000322.4:c.647C>T	NC_000006.11:g.42672284G>A	06	g.42672284	G	A
NM_000350.2:c.2690C>T	NC_000001.10:g.94514477G>A	01	g.94514477	G	A
NM_001171.5:c.179G>T	NC_000016.9:g.16315546C>A	16	g.16315546	C	A
NM_001278431.1:c.17T>A	NC_000011.9:g.119211091A>T	11	g.119211091	A	T
NM_023073.3:c.8516C>T	NC_000005.9:g.37138936G>A	05	g.37138936	G	A
NM_145200.3:c.214A>C	NC_000011.9:g.67223108A>C	11	g.67223108	A	C
NM_025074.6:c.5374G>A	NC_000004.11:g.79360063G>A	04	g.79360063	G	A
NM_025074.6:c.11960C>T	NC_000004.11:g.79462199C>T	04	g.79462199	C	T
NM_000180.3:c.623G>A	NC_000017.10:g.7906988G>A	17	g.7906988	G	A
NM_019892.4:c.460C>T	NC_000009.11:g.139333412G>A	09	g.139333412	G	A
NM_005251.2:c.1265C>T	NC_000016.9:g.86602206C>T	16	g.86602206	C	T
NM_001127660.1:c.740G>A	NC_000001.10:g.12059076G>A	01	g.12059076	G	A
NM_015909.3:c.3950A>G	NC_000002.11:g.15493816T>C	02	g.15493816	T	C
NM_181459.3:c.1118C>T	NC_000002.11:g.223084914G>A	02	g.223084914	G	A
NM_004260.3:c.1094G>A	NC_000008.10:g.145741409C>T	08	g.145741409	C	T
NM_000550.2:c.34A>G	NC_000009.11:g.12694030A>G	09	g.12694030	A	G
NM_003816.2:c.658G>A	NC_000008.10:g.38876423G>A	08	g.38876423	G	A
NM_024649.4:c.794C>T	NC_000011.9:g.66288811C>T	11	g.66288811	C	T
NM_023073.3:c.8419G>A	NC_000005.9:g.37142463C>T	05	g.37142463	C	T
NM_025114.3:c.3471G>C	NC_000012.11:g.88484607C>G	12	g.88484607	C	G
NM_001852.3:c.863G>A	NC_000001.10:g.40773901C>T	01	g.40773901	C	T
NM_000554.4:c.127C>T	NC_000019.9:g.48339526C>T	19	g.48339526	C	T
NM_001453.2:c.1473_1481delGGCGGCGGC	NC_000006.11:g.1612153_1612161delGGCGGCGGC	06	g.1612153	NA	NA
NM_014714.3:c.1933A>G	NC_000016.9:g.1614132T>C	16	g.1614132	T	C
NM_198525.2:c.2897C>T	NC_000015.9:g.90174940G>A	15	g.90174940	G	A
NM_000272.3:c.1931G>A	NC_000002.11:g.110881639C>T	02	g.110881639	C	T
NM_206933.2:c.4412G>C	NC_000001.10:g.216348809C>G	01	g.216348809	C	G
NM_201253.2:c.3958C>T	NC_000001.10:g.197411375C>T	01	g.197411375	C	T
NM_024649.4:c.1147C>T	NC_000011.9:g.66293630C>T	11	g.66293630	C	T
NM_001029883.2:c.1992C>A	NC_000002.11:g.29295136G>T	02	g.29295136	G	T
NM_007186.3:c.4907G>A	NC_000020.10:g.34091104G>A	NA	g.34091104	G	A
NM_001030311.2:c.1315G>T	NC_000002.11:g.182412376C>A	02	g.182412376	C	A
NM_000086.2:c.319C>A	NC_000016.9:g.28499038G>T	16	g.28499038	G	T
NM_019098.4:c.1208G>A	NC_000008.10:g.87645092C>T	08	g.87645092	C	T
NM_000091.4:c.68C>A	NC_000002.11:g.228029510C>A	02	g.228029510	C	A
NM_201253.2:c.-257C>G	NC_000001.10:g.197237286C>G	01	g.197237286	C	G
NM_001886.2:c.1A>G	NC_000022.10:g.27018561A>G	22	g.27018561	A	G
NM_031935.2:c.14524G>A	NC_000001.10:g.186114971G>A	01	g.186114971	G	A
NM_000883.3:c.799A>G	NC_000007.13:g.128040224T>C	07	g.128040224	T	C
NM_001563.2:c.1963G>A	NC_000006.11:g.76657112C>T	06	g.76657112	C	T
NM_005559.3:c.3479C>T	NC_000018.9:g.7012022G>A	18	g.7012022	G	A
NM_000272.3:c.43C>A	NC_000002.11:g.110962503G>T	02	g.110962503	G	T
NM_178857.5:c.3979_3982delACAGinsGCAA	NC_000008.10:g.10467626_10467629delinsTTGC	08	g.10467626	NA	NA
NM_001080442.1:c.794A>G	NC_000016.9:g.84056391T>C	16	g.84056391	T	C
NM_206933.2:c.6175G>T	NC_000001.10:g.216219923C>A	01	g.216219923	C	A
NM_000350.2:c.5196+1137G>A	NC_000001.10:g.94484001C>T	01	g.94484001	C	T
NM_000350.2:c.5137_5138delCAinsAG	NC_000001.10:g.94485196_94485197delinsCT	01	g.94485196	NA	NA
NM_000350.2:c.5196+1137G>A	NC_000001.10:g.94484001C>T	01	g.94484001	C	T
NM_000350.2:c.5137_5138delCAinsAG	NC_000001.10:g.94485196_94485197delinsCT	01	g.94485196	NA	NA
NM_015120.4:c.4225G>C	NC_000002.11:g.73677882G>C	02	g.73677882	G	C
NM_198428.2:c.2593A>G	NC_000007.13:g.33644548A>G	07	g.33644548	A	G
NM_025114.3:c.6824A>T	NC_000012.11:g.88449489T>A	12	g.88449489	T	A
NM_025074.6:c.2291C>A	NC_000004.11:g.79258840C>A	04	g.79258840	C	A
NM_133497.3:c.231G>C	NC_000009.11:g.2717970G>C	09	g.2717970	G	C
NM_198525.2:c.1309G>A	NC_000015.9:g.90191620C>T	15	g.90191620	C	T
NM_152443.2:c.536A>G	NC_000014.8:g.68193785A>G	14	g.68193785	A	G
NM_000329.2:c.1533T>G	NC_000001.10:g.68895528A>C	01	g.68895528	A	C
NM_001080477.1:c.4948A>G	NC_000004.11:g.183694680A>G	04	g.183694680	A	G
NM_153676.3:c.2194A>G	NC_000011.9:g.17523518T>C	11	g.17523518	T	C
NM_001297.4:c.376G>C	NC_000016.9:g.57996883C>G	16	g.57996883	C	G
NM_030582.3:c.2653C>T	NC_000021.8:g.46911184C>T	21	g.46911184	C	T
NM_001080463.1:c.6093T>G	NC_000011.9:g.103048503T>G	11	g.103048503	T	G
NM_001142800.1:c.7697G>A	NC_000006.11:g.64498024C>T	06	g.64498024	C	T
NM_001142800.1:c.5233G>A	NC_000006.11:g.65300527C>T	06	g.65300527	C	T
NM_001004334.2:c.3401G>A	NC_000017.10:g.36486051C>T	17	g.36486051	C	T
NM_032119.3:c.2023A>C	NC_000005.9:g.89933548A>C	05	g.89933548	A	C
NM_032119.3:c.5072C>T	NC_000005.9:g.89970013C>T	05	g.89970013	C	T
NM_031935.2:c.13313G>A	NC_000001.10:g.186105800G>A	01	g.186105800	G	A
NM_001122769.2:c.1366G>A	NC_000006.11:g.80197449C>T	06	g.80197449	C	T
NM_006343.2:c.782G>A	NC_000002.11:g.112722792G>A	02	g.112722792	G	A
NM_001199771.1:c.607G>A	NC_000012.11:g.56117707G>A	12	g.56117707	G	A
NM_005407.1:c.1465A>G	NC_000014.8:g.21992397T>C	14	g.21992397	T	C
NM_000350.2:c.5714+1G>T	NC_000001.10:g.94476355C>A	01	g.94476355	C	A
NM_000350.2:c.4634+1delG	NC_000001.10:g.94490509delC	01	g.94490509	NA	NA
NM_001271441.1:c.802G>A	NC_000021.8:g.45750543C>T	21	g.45750543	C	T
NM_001453.2:c.1479_1481dupGGC	NC_000006.11:g.1612159_1612161dupGGC	06	g.1612159	NA	NA
NM_016247.3:c.1243A>G	NC_000003.11:g.100964946T>C	03	g.100964946	T	C
NM_198525.2:c.4015C>T	NC_000015.9:g.90171667G>A	15	g.90171667	G	A
NM_006017.2:c.1577G>A	NC_000004.11:g.16002120C>T	04	g.16002120	C	T
NM_000322.4:c.828+3A>T	NC_000006.11:g.42672100T>A	06	g.42672100	T	A
NM_001202.3:c.731C>T	NC_000014.8:g.54417246G>A	14	g.54417246	G	A
NM_000086.2:c.4G>A	NC_000016.9:g.28503077C>T	16	g.28503077	C	T
NM_025074.6:c.8440G>A	NC_000004.11:g.79400869G>A	04	g.79400869	G	A
NM_025074.6:c.11815G>A	NC_000004.11:g.79462054G>A	04	g.79462054	G	A
NM_207361.4:c.5606C>G	NC_000013.10:g.39343910C>G	13	g.39343910	C	G
NM_031935.2:c.2414A>C	NC_000001.10:g.185946961A>C	01	g.185946961	A	C
NM_022081.5:c.1124C>G	NC_000022.10:g.26860472G>C	22	g.26860472	G	C
NM_000081.3:c.8050G>A	NC_000001.10:g.235907380C>T	01	g.235907380	C	T
NM_001142763.1:c.608C>T	NC_000010.10:g.56106126G>A	NA	g.56106126	G	A
NM_000466.2:c.1579A>G	NC_000007.13:g.92140266T>C	07	g.92140266	T	C
NM_000322.4:c.946T>G	NC_000006.11:g.42666128A>C	06	g.42666128	A	C
NM_001172435.1:c.2071C>A	NC_000002.11:g.135911228C>A	02	g.135911228	C	A
NM_178857.5:c.2121C>G	NC_000008.10:g.10469487G>C	08	g.10469487	G	C
NM_003615.4:c.1963T>G	NC_000003.11:g.27446406A>C	03	g.27446406	A	C
NM_001082538.2:c.1722A>C	NC_000012.11:g.111085640A>C	12	g.111085640	A	C
NM_003320.4:c.1435G>A	NC_000011.9:g.8122427G>A	11	g.8122427	G	A
NM_001142800.1:c.5834_5835+4delAGGTAA	NC_000006.11:g.65149051_65149056delTTACCT	06	g.65149051	NA	NA
NM_000283.3:c.1591C>T	NC_000004.11:g.654379C>T	04	g.654379	C	T
NM_001171.5:c.3691G>A	NC_000016.9:g.16253383C>T	16	g.16253383	C	T
NM_001171.5:c.1585G>A	NC_000016.9:g.16284071C>T	16	g.16284071	C	T
NM_030582.3:c.3740G>A	NC_000021.8:g.46925864G>A	21	g.46925864	G	A
NM_001142800.1:c.5944T>C	NC_000006.11:g.65098717A>G	06	g.65098717	A	G
NM_153638.2:c.1064A>G	NC_000020.10:g.3891306A>G	NA	g.3891306	A	G
NM_177965.3:c.244-1G>T	NC_000008.10:g.96272761C>A	08	g.96272761	C	A
NM_000350.2:c.4467G>T	NC_000001.10:g.94495073C>A	01	g.94495073	C	A
NM_000350.2:c.677G>T	NC_000001.10:g.94564441C>A	01	g.94564441	C	A
NM_001029883.2:c.1303_1307delCTCTCinsTT	NC_000002.11:g.29295821_29295825delinsAA	02	g.29295821	NA	NA
NM_177965.3:c.436A>C	NC_000008.10:g.96264450T>G	08	g.96264450	T	G
NM_177965.3:c.392G>A	NC_000008.10:g.96264494C>T	08	g.96264494	C	T
NM_000390.2:c.1602G>T	NC_000023.10:g.85133977C>A	23	g.85133977	C	A
NM_001077182.2:c.589G>A	NC_000017.10:g.79496146G>A	17	g.79496146	G	A
NM_000843.3:c.2588C>T	NC_000005.9:g.178408704G>A	05	g.178408704	G	A
NM_015506.2:c.332G>A	NC_000001.10:g.45973939G>A	01	g.45973939	G	A
NM_001243766.1:c.839G>A	NC_000001.10:g.46659986C>T	01	g.46659986	C	T
NM_007171.3:c.130G>A	NC_000009.11:g.134381508G>A	09	g.134381508	G	A
NM_178857.5:c.32C>T	NC_000008.10:g.10480680G>A	08	g.10480680	G	A
NM_016180.3:c.1516G>A	NC_000005.9:g.33944830C>T	05	g.33944830	C	T
NM_012338.3:c.181C>T	NC_000007.13:g.120478935G>A	07	g.120478935	G	A
NM_000322.4:c.62G>A	NC_000006.11:g.42690011C>T	06	g.42690011	C	T
NM_000322.4:c.868_869delCT	NC_000006.11:g.42666205_42666206delAG	06	g.42666205	NA	NA
NM_001139443.1:c.547G>A	NC_000011.9:g.61725630G>A	11	g.61725630	G	A
NM_000350.2:c.455G>A	NC_000001.10:g.94568686C>T	01	g.94568686	C	T
NM_001039348.2:c.1420G>C	NC_000002.11:g.56094270C>G	02	g.56094270	C	G
NM_000350.2:c.791G>A	NC_000001.10:g.94548975C>T	01	g.94548975	C	T
NM_001134830.1:c.2945G>T	NC_000006.11:g.135732502C>A	06	g.135732502	C	A
NM_001098802.1:c.2015C>T	NC_000009.11:g.80881524C>T	09	g.80881524	C	T
NM_017780.3:c.2699C>G	NC_000008.10:g.61734350C>G	08	g.61734350	C	G
NM_001297.4:c.2710A>G	NC_000016.9:g.57937810T>C	16	g.57937810	T	C
NM_201253.2:c.3824C>G	NC_000001.10:g.197407751C>G	01	g.197407751	C	G
NM_024592.4:c.286C>G	NC_000004.11:g.56225577C>G	04	g.56225577	C	G
NM_182916.2:c.67_68delCCinsGT	NC_000003.11:g.3170791_3170792delinsGT	03	g.3170791	NA	NA
NM_206933.2:c.11382A>G	NC_000001.10:g.215931944T>C	01	g.215931944	T	C
NM_000350.2:c.466A>G	NC_000001.10:g.94568675T>C	01	g.94568675	T	C
NM_000350.2:c.4739T>C	NC_000001.10:g.94487436A>G	01	g.94487436	A	G
NM_000350.2:c.6729+5_6729+19del15	NC_000001.10:g.94463398_94463412del15	01	g.94463398	NA	NA
NM_006269.1:c.2029C>T	NC_000008.10:g.55538471C>T	08	g.55538471	C	T
NM_024809.4:c.1506-2A>G	NC_000012.11:g.124184249A>G	12	g.124184249	A	G
NM_031885.3:c.4C>G	NC_000016.9:g.56553771G>C	16	g.56553771	G	C
NM_032024.3:c.21delC	NC_000010.10:g.77542754delC	NA	g.77542754	NA	NA
NM_001271441.1:c.968G>A	NC_000021.8:g.45750377C>T	21	g.45750377	C	T
NM_030582.3:c.2819G>A	NC_000021.8:g.46913416G>A	21	g.46913416	G	A
NM_032581.3:c.674G>T	NC_000007.13:g.23004103C>A	07	g.23004103	C	A
NM_001242957.1:c.1834G>C	NC_000006.11:g.10764798C>G	06	g.10764798	C	G
NM_002497.3:c.401G>A	NC_000001.10:g.211846979C>T	01	g.211846979	C	T
NM_000287.3:c.1484C>G	NC_000006.11:g.42936232G>C	06	g.42936232	G	C
NM_006269.1:c.3036_3040delGAATGinsCAATC	NC_000008.10:g.55539478_55539482delinsCAATC	08	g.55539478	NA	NA
NM_001080477.1:c.2377A>G	NC_000004.11:g.183650126A>G	04	g.183650126	A	G
NM_003320.4:c.1553C>T	NC_000011.9:g.8123033C>T	11	g.8123033	C	T
NM_173477.2:c.16C>T	NC_000017.10:g.72919153G>A	17	g.72919153	G	A
NM_206933.2:c.14512G>A	NC_000001.10:g.215821940C>T	01	g.215821940	C	T
NM_001145853.1:c.325C>T	NC_000004.11:g.6290723C>T	04	g.6290723	C	T
NM_000350.2:c.4535C>A	NC_000001.10:g.94495005G>T	01	g.94495005	G	T
NM_015600.4:c.385T>C	NC_000020.10:g.25303998A>G	NA	g.25303998	A	G
NM_023073.3:c.7054T>C	NC_000005.9:g.37169072A>G	05	g.37169072	A	G
NM_023073.3:c.2920+2333_2920+2334delAG	NC_000005.9:g.37211327_37211328delCT	05	g.37211327	NA	NA
NM_001845.4:c.3274A>G	NC_000013.10:g.110827021T>C	13	g.110827021	T	C
NM_032122.4:c.436A>G	NC_000006.11:g.15615550T>C	06	g.15615550	T	C
NM_032119.3:c.11928T>G	NC_000005.9:g.90052966T>G	05	g.90052966	T	G
NM_024101.6:c.479G>A	NC_000002.11:g.238427215G>A	02	g.238427215	G	A
NM_002900.2:c.2221G>A	NC_000010.10:g.48388657C>T	NA	g.48388657	C	T
NM_000372.4:c.1509G>C	NC_000011.9:g.89028453G>C	11	g.89028453	G	C
NM_025132.3:c.2792A>C	NC_000004.11:g.39254828A>C	04	g.39254828	A	C
NM_000350.2:c.6449G>A	NC_000001.10:g.94466422C>T	01	g.94466422	C	T
NM_000350.2:c.6320G>A	NC_000001.10:g.94466624C>T	01	g.94466624	C	T
NM_000390.2:c.799C>T	NC_000023.10:g.85213886G>A	23	g.85213886	G	A
NM_000350.2:c.4253+43G>A	NC_000001.10:g.94496509C>T	01	g.94496509	C	T
NM_015120.4:c.2035C>G	NC_000002.11:g.73675692C>G	02	g.73675692	C	G
NM_001139443.1:c.438_439delGCinsAA	NC_000011.9:g.61724452_61724453delinsAA	11	g.61724452	NA	NA
NM_001029883.2:c.149_151delGCT	NC_000002.11:g.29296977_29296979delAGC	02	g.29296977	NA	NA
NM_001793.4:c.119C>A	NC_000016.9:g.68679612C>A	16	g.68679612	C	A
NM_030582.3:c.3854G>A	NC_000021.8:g.46929334G>A	21	g.46929334	G	A
NM_000092.4:c.3232G>A	NC_000002.11:g.227912248C>T	02	g.227912248	C	T
NM_001851.4:c.937C>A	NC_000006.11:g.70990553G>T	06	g.70990553	G	T
NM_001080463.1:c.8831A>G	NC_000011.9:g.103086586A>G	11	g.103086586	A	G
NM_001142800.1:c.8429C>T	NC_000006.11:g.64431498G>A	06	g.64431498	G	A
NM_001164665.1:c.2593G>A	NC_000007.13:g.138601779C>T	07	g.138601779	C	T
NM_001164665.1:c.1136C>G	NC_000007.13:g.138603236G>C	07	g.138603236	G	C
NM_001127660.1:c.2042G>C	NC_000001.10:g.12067279G>C	01	g.12067279	G	C
NM_198159.2:c.1262T>C	NC_000003.11:g.70014098T>C	03	g.70014098	T	C
NM_003835.3:c.178G>A	NC_000017.10:g.63154436G>A	17	g.63154436	G	A
NM_178857.5:c.1358C>T	NC_000008.10:g.10470250G>A	08	g.10470250	G	A
NM_000391.3:c.776G>A	NC_000011.9:g.6638002C>T	11	g.6638002	C	T
NM_000372.4:c.229C>T	NC_000011.9:g.88911350C>T	11	g.88911350	C	T
NM_206933.2:c.5932C>T	NC_000001.10:g.216243560G>A	01	g.216243560	G	A
NM_033100.3:c.783G>A	NC_000010.10:g.85962879G>A	NA	g.85962879	G	A
NM_033100.3:c.2522_2528delTCTCTGA	NC_000010.10:g.85974319_85974325delTCTCTGA	NA	g.85974319	NA	NA
NM_001242957.1:c.331C>T	NC_000006.11:g.10813904G>A	06	g.10813904	G	A
NM_003846.2:c.766C>T	NC_000001.10:g.145522905C>T	01	g.145522905	C	T
NM_080680.2:c.581G>A	NC_000006.11:g.33156164C>T	06	g.33156164	C	T
NM_000124.3:c.1204T>C	NC_000010.10:g.50732272A>G	NA	g.50732272	A	G
NM_025074.6:c.11264C>T	NC_000004.11:g.79458320C>T	04	g.79458320	C	T
NM_002921.3:c.196A>C	NC_000010.10:g.86007463A>C	NA	g.86007463	A	C
NM_001199042.1:c.1358G>A	NC_000015.9:g.74476256C>T	15	g.74476256	C	T
NM_001719.2:c.102C>A	NC_000020.10:g.55841077G>T	NA	g.55841077	G	T
NM_001098802.1:c.1181G>A	NC_000009.11:g.80866932G>A	09	g.80866932	G	A
NM_001164317.1:c.5351T>G	NC_000003.11:g.58128453T>G	03	g.58128453	T	G
NM_145290.3:c.866C>T	NC_000004.11:g.22444327G>A	04	g.22444327	G	A
NM_031935.2:c.16034A>G	NC_000001.10:g.186147638A>G	01	g.186147638	A	G
NM_017777.3:c.368G>A	NC_000017.10:g.56293498C>T	17	g.56293498	C	T
NM_153240.4:c.3032C>T	NC_000003.11:g.132407587G>A	03	g.132407587	G	A
NM_001142763.1:c.536A>G	NC_000010.10:g.56106198T>C	NA	g.56106198	T	C
NM_012293.1:c.505C>T	NC_000002.11:g.1687483G>A	02	g.1687483	G	A
NM_178857.5:c.3979_3981delACAinsGAAACG	NC_000008.10:g.10467627_10467629delinsCGTTTC	08	g.10467627	NA	NA
NM_024753.4:c.20A>G	NC_000002.11:g.166810196T>C	02	g.166810196	T	C
XM_005270023.1:c.73delC	NC_000010.10:g.95361029delG	NA	g.95361029	NA	NA
NM_000550.2:c.497C>G	NC_000009.11:g.12695626C>G	09	g.12695626	C	G
NM_001083926.1:c.97G>A	NC_000011.9:g.62105546G>A	11	g.62105546	G	A
NM_014956.4:c.2491G>C	NC_000011.9:g.117263341G>C	11	g.117263341	G	C
NM_001098802.1:c.35C>T	NC_000009.11:g.80851301C>T	09	g.80851301	C	T
NM_001098802.1:c.241C>G	NC_000009.11:g.80851507C>G	09	g.80851507	C	G
NM_017780.3:c.6483T>A	NC_000008.10:g.61765767T>A	08	g.61765767	T	A
NM_001297.4:c.635C>T	NC_000016.9:g.57993918G>A	16	g.57993918	G	A
NM_001004334.2:c.4073T>G	NC_000017.10:g.36485379A>C	17	g.36485379	A	C
NM_001004334.2:c.3854A>T	NC_000017.10:g.36485598T>A	17	g.36485598	T	A
NM_001004334.2:c.2357T>C	NC_000017.10:g.36487095A>G	17	g.36487095	A	G
NM_032119.3:c.5953A>C	NC_000005.9:g.89979691A>C	05	g.89979691	A	C
NM_021150.3:c.1252A>G	NC_000012.11:g.66839235T>C	12	g.66839235	T	C
NM_031935.2:c.6287T>A	NC_000001.10:g.186010251T>A	01	g.186010251	T	A
NM_031935.2:c.7580A>G	NC_000001.10:g.186034436A>G	01	g.186034436	A	G
NM_001563.2:c.1614A>T	NC_000006.11:g.76660489T>A	06	g.76660489	T	A
NM_015909.3:c.3039C>A	NC_000002.11:g.15542324G>T	02	g.15542324	G	T
NM_001001957.2:c.848C>T	NC_000001.10:g.248059736C>T	01	g.248059736	C	T
NM_172240.2:c.809C>T	NC_000012.11:g.89864139G>A	12	g.89864139	G	A
NM_021620.3:c.134C>T	NC_000006.11:g.100055044C>T	06	g.100055044	C	T
NM_020366.3:c.3505G>C	NC_000014.8:g.21811360G>C	14	g.21811360	G	C
NM_206933.2:c.6236_6240delAAAAGinsCAAAT	NC_000001.10:g.216219858_216219862delinsATTTG	01	g.216219858	NA	NA
NM_000350.2:c.5461-10T>C	NC_000001.10:g.94476951A>G	01	g.94476951	A	G
NM_000350.2:c.1609C>T	NC_000001.10:g.94528819G>A	01	g.94528819	G	A
NM_000350.2:c.5603A>T	NC_000001.10:g.94476467T>A	01	g.94476467	T	A
NM_000350.2:c.2971G>C	NC_000001.10:g.94510248C>G	01	g.94510248	C	G
NM_001171.5:c.742C>T	NC_000016.9:g.16302637G>A	16	g.16302637	G	A
NM_001098802.1:c.1763C>T	NC_000009.11:g.80880422C>T	09	g.80880422	C	T
NM_030582.3:c.1699G>A	NC_000021.8:g.46897817G>A	21	g.46897817	G	A
NM_030582.3:c.4303C>T	NC_000021.8:g.46931094C>T	21	g.46931094	C	T
NM_001844.4:c.398C>A	NC_000012.11:g.48391685G>T	12	g.48391685	G	T
NM_015692.2:c.434C>G	NC_000019.9:g.17122542G>C	19	g.17122542	G	C
NM_052873.2:c.253G>A	NC_000014.8:g.76542977G>A	14	g.76542977	G	A
NM_015506.2:c.626T>A	NC_000001.10:g.45974664T>A	01	g.45974664	T	A
NM_015072.4:c.3425C>T	NC_000014.8:g.76330108C>T	14	g.76330108	C	T
NM_020461.3:c.3547C>G	NC_000022.10:g.50659241G>C	22	g.50659241	G	C
NM_000554.4:c.709delC	NC_000019.9:g.48343033delC	19	g.48343033	NA	NA
NM_001171.5:c.3592A>G	NC_000016.9:g.16255336T>C	16	g.16255336	T	C
NM_001202.3:c.340G>T	NC_000014.8:g.54418601C>A	14	g.54418601	C	A
NM_001029883.2:c.2965C>G	NC_000002.11:g.29294163G>C	02	g.29294163	G	C
NM_001851.4:c.937C>A	NC_000006.11:g.70990553G>T	06	g.70990553	G	T
NM_181507.1:c.3182A>G	NC_000011.9:g.18303644T>C	11	g.18303644	T	C
NM_001195263.1:c.1267G>A	NC_000010.10:g.102778636C>T	NA	g.102778636	C	T
NM_000466.2:c.1244C>T	NC_000007.13:g.92143277G>A	07	g.92143277	G	A
NM_153240.4:c.2132A>G	NC_000003.11:g.132415614T>C	03	g.132415614	T	C
NM_007171.3:c.1447C>T	NC_000009.11:g.134394239C>T	09	g.134394239	C	T
NM_006017.2:c.1738A>C	NC_000004.11:g.15995639T>G	04	g.15995639	T	G
NM_001172435.1:c.2821C>G	NC_000002.11:g.135926205C>G	02	g.135926205	C	G
NM_020461.3:c.2914G>C	NC_000022.10:g.50659874C>G	22	g.50659874	C	G
NM_015069.3:c.385G>A	NC_000016.9:g.49672678C>T	16	g.49672678	C	T
NM_000554.4:c.709delC	NC_000019.9:g.48343033delC	19	g.48343033	NA	NA
NM_000350.2:c.5882G>A	NC_000001.10:g.94473807C>T	01	g.94473807	C	T
NM_000350.2:c.5018+2T>A	NC_000001.10:g.94486794A>T	01	g.94486794	A	T
NA		NA	NA	NA	NA
NM_000350.2:c.2918+34C>T	NC_000001.10:g.94512441G>A	01	g.94512441	G	A
NM_000350.2:c.2791G>A	NC_000001.10:g.94512602C>T	01	g.94512602	C	T
NM_152490.3:c.466G>A	NC_000001.10:g.235647727C>T	01	g.235647727	C	T
NM_014956.4:c.1480_1482delCCTinsACC	NC_000011.9:g.117252487_117252489delinsACC	11	g.117252487	NA	NA
NM_001844.4:c.1433C>T	NC_000012.11:g.48380213G>A	12	g.48380213	G	A
NM_001844.4:c.398C>A	NC_000012.11:g.48391685G>T	12	g.48391685	G	T
NM_000092.4:c.3232G>A	NC_000002.11:g.227912248C>T	02	g.227912248	C	T
NM_001851.4:c.2203C>T	NC_000006.11:g.70944553G>A	06	g.70944553	G	A
NM_001852.3:c.562C>A	NC_000001.10:g.40776916G>T	01	g.40776916	G	T
NM_001903.2:c.655C>T	NC_000005.9:g.138160285C>T	05	g.138160285	C	T
NM_001170700.2:c.737G>A	NC_000004.11:g.36292219G>A	04	g.36292219	G	A
NM_025074.6:c.5474T>C	NC_000004.11:g.79360163T>C	04	g.79360163	T	C
NM_207361.4:c.2600C>T	NC_000013.10:g.39264081C>T	13	g.39264081	C	T
NM_207361.4:c.9266A>G	NC_000013.10:g.39454680A>G	13	g.39454680	A	G
NM_052873.2:c.253G>A	NC_000014.8:g.76542977G>A	14	g.76542977	G	A
NM_005559.3:c.8903C>T	NC_000018.9:g.6943343G>A	18	g.6943343	G	A
NM_198506.4:c.583A>G	NC_000004.11:g.110773126A>G	04	g.110773126	A	G
NM_000081.3:c.4337G>A	NC_000001.10:g.235955205C>T	01	g.235955205	C	T
NM_000081.3:c.1610C>T	NC_000001.10:g.235972508G>A	01	g.235972508	G	A
NM_002497.3:c.569G>A	NC_000001.10:g.211844613C>T	01	g.211844613	C	T
NM_001001957.2:c.190G>A	NC_000001.10:g.248059078G>A	01	g.248059078	G	A
NM_057174.2:c.818A>G	NC_000011.9:g.45935439T>C	11	g.45935439	T	C
NM_006214.3:c.244C>G	NC_000010.10:g.13337497G>C	NA	g.13337497	G	C
NM_021620.3:c.134C>T	NC_000006.11:g.100055044C>T	06	g.100055044	C	T
NM_006642.3:c.1501G>C	NC_000001.10:g.243542050G>C	01	g.243542050	G	C
NM_001252020.1:c.4553G>A	NC_000015.9:g.31294401C>T	15	g.31294401	C	T
NM_001252020.1:c.4400C>T	NC_000015.9:g.31294554G>A	15	g.31294554	G	A
NM_015072.4:c.3425C>T	NC_000014.8:g.76330108C>T	14	g.76330108	C	T
NM_004385.4:c.7379T>C	NC_000005.9:g.82836201T>C	05	g.82836201	T	C
NM_004385.4:c.8873C>T	NC_000005.9:g.82837695C>T	05	g.82837695	C	T
NM_000390.2:c.525_526delAG	NC_000023.10:g.85218846_85218847delCT	23	g.85218846	NA	NA
NM_020366.3:c.1615_1624delGAACTGGAGG	NC_000014.8:g.21790016_21790025delGAACTGGAGG	14	g.21790016	NA	NA
NM_022124.5:c.2971G>A	NC_000010.10:g.73466671G>A	NA	g.73466671	G	A
NM_000104.3:c.241T>A	NC_000002.11:g.38302291A>T	02	g.38302291	A	T
NM_133497.3:c.1148G>T	NC_000009.11:g.2718887G>T	09	g.2718887	G	T
NM_015102.3:c.2557G>T	NC_000001.10:g.5940228C>A	01	g.5940228	C	A
NM_138454.1:c.556T>C	NC_000019.9:g.17566539A>G	19	g.17566539	A	G
NM_020949.2:c.2221G>A	NC_000003.11:g.170184938C>T	03	g.170184938	C	T
NM_001199042.1:c.1019C>T	NC_000015.9:g.74483206G>A	15	g.74483206	G	A
NM_015072.4:c.2603-3T>C	NC_000014.8:g.76249487T>C	14	g.76249487	T	C
NM_001178007.1:c.1531_1539delCAGATGCAA	NC_000004.11:g.123664578_123664586delCAGATGCAA	04	g.123664578	NA	NA
NM_001164317.1:c.415C>T	NC_000003.11:g.58062895C>T	03	g.58062895	C	T
NM_000350.2:c.3076T>C	NC_000001.10:g.94509006A>G	01	g.94509006	A	G
NM_001178007.1:c.316G>T	NC_000004.11:g.123663363G>T	04	g.123663363	G	T
NM_172364.4:c.139G>A	NC_000012.11:g.2027501C>T	12	g.2027501	C	T
NM_007186.3:c.4545G>C	NC_000020.10:g.34090742G>C	NA	g.34090742	G	C
NM_000104.3:c.8C>A	NC_000002.11:g.38302524G>T	02	g.38302524	G	T
NM_000124.3:c.3719G>T	NC_000010.10:g.50678287C>A	NA	g.50678287	C	A
NM_001122769.2:c.1509G>C	NC_000006.11:g.80197306C>G	06	g.80197306	C	G
NM_003611.2:c.1712A>G	NC_000023.10:g.13778291A>G	23	g.13778291	A	G
NM_000440.2:c.1546C>G	NC_000005.9:g.149275993G>C	05	g.149275993	G	C
NM_002601.2:c.409G>A	NC_000002.11:g.232597706C>T	02	g.232597706	C	T
NM_001256410.1:c.200A>G	NC_000010.10:g.27820471A>G	NA	g.27820471	A	G
NM_002900.2:c.1933C>T	NC_000010.10:g.48388945G>A	NA	g.48388945	G	A
NM_000350.2:c.6320G>A	NC_000001.10:g.94466624C>T	01	g.94466624	C	T
NM_000322.4:c.994G>A	NC_000006.11:g.42666080C>T	06	g.42666080	C	T
NM_201253.2:c.2843G>A	NC_000001.10:g.197403836G>A	01	g.197403836	G	A
NM_001174150.1:c.831C>A	NC_000003.11:g.93761891C>A	03	g.93761891	C	A
NM_001004334.2:c.3815G>A	NC_000017.10:g.36485637C>T	17	g.36485637	C	T
NM_014249.3:c.205G>A	NC_000015.9:g.72103909G>A	15	g.72103909	G	A
NM_153818.1:c.418G>C	NC_000001.10:g.2340073C>G	01	g.2340073	C	G
NM_000350.2:c.2588G>C	NC_000001.10:g.94517254C>G	01	g.94517254	C	G
NM_000350.2:c.5882G>A	NC_000001.10:g.94473807C>T	01	g.94473807	C	T
NM_001563.2:c.1931C>T	NC_000006.11:g.76657144G>A	06	g.76657144	G	A
NM_178857.5:c.2498C>T	NC_000008.10:g.10469110G>A	08	g.10469110	G	A
NM_022787.3:c.769G>A	NC_000001.10:g.10042688G>A	01	g.10042688	G	A
NM_001164317.1:c.6607C>T	NC_000003.11:g.58139248C>T	03	g.58139248	C	T
NM_001001557.2:c.664C>A	NC_000008.10:g.97157495G>T	08	g.97157495	G	T
NM_015506.2:c.88T>C	NC_000001.10:g.45973034T>C	01	g.45973034	T	C
NM_022787.3:c.832A>G	NC_000001.10:g.10042751A>G	01	g.10042751	A	G
NM_006017.2:c.1345G>A	NC_000004.11:g.16008270C>T	04	g.16008270	C	T
NM_001256410.1:c.386A>C	NC_000010.10:g.27822703A>C	NA	g.27822703	A	C
NM_001033504.1:c.202G>A	NC_000017.10:g.31260262G>A	17	g.31260262	G	A
NM_000350.2:c.6166A>T	NC_000001.10:g.94467530T>A	01	g.94467530	T	A
NM_000350.2:c.3113C>T	NC_000001.10:g.94508969G>A	01	g.94508969	G	A
NM_000350.2:c.1654G>A	NC_000001.10:g.94528774C>T	01	g.94528774	C	T
NM_000350.2:c.6416G>A	NC_000001.10:g.94466455C>T	01	g.94466455	C	T
NM_000350.2:c.5603A>T	NC_000001.10:g.94476467T>A	01	g.94476467	T	A
NM_006017.2:c.303+1G>A	NC_000004.11:g.16037357C>T	04	g.16037357	C	T
NM_000350.2:c.5603A>T	NC_000001.10:g.94476467T>A	01	g.94476467	T	A
NM_001793.4:c.1681G>A	NC_000016.9:g.68721525G>A	16	g.68721525	G	A
NM_000274.3:c.881T>A	NC_000010.10:g.126091515A>T	NA	g.126091515	A	T
NM_000274.3:c.881T>A	NC_000010.10:g.126091515A>T	NA	g.126091515	A	T
